id,category,message,mission,score,is_active
MONEY_01,MONEY,지갑의 숨은 여백. 무심코 나가던 작은 돈을 발견할 수 있어요. 알아차리는 순간부터 선택지가 늘어납니다.,최근 결제 내역에서 기억나지 않는 지출이 있는지 한 건만 살펴보세요.,70,TRUE
MONEY_02,MONEY,장바구니에 필요한 쉼표. 갖고 싶은 마음은 진짜지만 구매 시점은 바꿀 수 있죠. 하루의 여유가 판단을 맑게 해줄 거예요.,지금 사고 싶은 물건 하나를 찜 목록에 넣고 내일 다시 보기로 해보세요.,77,TRUE
MONEY_03,MONEY,숫자가 들려주는 힌트. 이번에는 지출의 크기보다 반복되는 패턴이 눈에 들어올 수 있어요. 작은 발견이 의외로 든든합니다.,최근 일주일 동안 가장 자주 결제한 항목을 하나 찾아보세요.,84,TRUE
MONEY_04,MONEY,차곡차곡 쌓이는 기분. 큰 금액을 마련하지 않아도 괜찮아요. 오늘의 소소한 저축이 미래의 나에게 보내는 인사처럼 남겠어요.,부담 없는 금액을 정해 저축 목표에 한 걸음 보태보세요.,91,TRUE
MONEY_05,MONEY,잊힌 혜택의 발견. 이미 갖고 있던 포인트나 쿠폰이 반가운 역할을 할지도 몰라요. 단 유효기간과 사용 조건은 꼼꼼히 확인하세요.,평소 쓰는 앱 한 곳에서 포인트나 쿠폰 잔액을 확인해보세요.,98,TRUE
MONEY_06,MONEY,할인표 뒤의 진짜 가격. 오늘은 화려한 할인율보다 최종 결제 금액에 답이 있을 것 같아요. 조건을 읽는 눈이 빛납니다.,눈여겨본 상품이 있다면 배송비까지 포함한 실제 가격을 확인하세요.,76,TRUE
MONEY_07,MONEY,깔끔한 정산의 날. 사소하게 미뤄둔 돈 이야기를 정리하면 마음까지 개운해질 수 있어요. 작은 매듭부터 풀어볼까요?,미정산한 공동 지출이 있다면 내역을 확인하거나 기록해두세요.,83,TRUE
MONEY_08,MONEY,비교의 힘이 발휘될 때. 비슷해 보이는 선택지 사이에 작지만 중요한 차이가 숨어 있어요. 서두르지 않을수록 선명해지겠네요.,구매 예정 물건 한 개의 가격을 판매처 두 곳에서 비교해보세요.,90,TRUE
MONEY_09,MONEY,돌아올 돈을 챙기는 감각. 반품이나 환불을 미룬 물건이 있다면 오늘 살펴볼 만해요. 내 권리를 확인하는 것도 좋은 재테크죠.,반품을 고민하던 물건이 있다면 환불 가능 기한만 확인해보세요.,97,TRUE
MONEY_10,MONEY,소비에도 기준이 필요해요. 좋아서 쓴 돈과 습관적으로 쓴 돈은 느낌이 다르죠. 그 차이를 알아차리면 다음 선택이 편해져요.,오늘 결제한 것 중 만족스러웠던 소비 한 가지를 적어보세요.,75,TRUE
MONEY_11,MONEY,물건의 두 번째 기회. 집 안에 잠자던 물건이 생각보다 쓸모 있게 느껴질 수 있어요. 새로 사기 전에 주변을 둘러보세요.,구매하려던 물건을 이미 갖고 있지는 않은지 서랍 한 곳을 확인하세요.,82,TRUE
MONEY_12,MONEY,정기결제에 켜진 작은 불빛. 한 달에 한 번 나가는 금액은 자꾸 시야에서 사라지곤 해요. 오늘은 그 흐름이 또렷해질 차례입니다.,이용 중인 구독 서비스 한 개의 다음 결제일을 확인하세요.,89,TRUE
MONEY_13,MONEY,영수증 속의 작은 단서. 금액 자체보다 왜 결제했는지가 중요하게 느껴지는 날이에요. 나의 소비 성향을 조금 더 알게 되겠어요.,최근 영수증 하나를 골라 그 소비가 필요했는지 짧게 돌아보세요.,96,TRUE
MONEY_14,MONEY,다가올 지출에 자리 내주기. 아직 쓰지 않은 돈도 계획 속에는 존재하죠. 준비된 마음이 예상 밖의 부담을 덜어줄 수 있어요.,이번 달 남은 일정에서 돈이 들 만한 약속이나 행사를 하나 표시하세요.,74,TRUE
MONEY_15,MONEY,사지 않아서 생기는 여유. 오늘은 결제 버튼을 누르지 않는 선택이 괜히 뿌듯할 수 있어요. 그 여유를 충분히 즐겨도 좋습니다.,평소 습관처럼 사는 품목 하나를 오늘만 건너뛸지 결정해보세요.,81,TRUE
MONEY_16,MONEY,장바구니의 재발견. 필요한 물건 목록은 생각보다 자주 바뀌어요. 며칠 전의 마음을 오늘의 눈으로 다시 읽어보세요.,온라인 장바구니에서 더 이상 필요하지 않은 품목 하나를 빼보세요.,88,TRUE
MONEY_17,MONEY,돈을 쓰는 이유가 보일 때. 가격표 너머에 시간이나 편안함의 가치도 있겠죠. 무엇이 나에게 중요한지 분명해지는 하루예요.,최근 구매한 것 하나가 아껴준 시간이나 수고를 떠올려보세요.,95,TRUE
MONEY_18,MONEY,예산에도 숨 쉴 공간을. 계획에서 조금 벗어났더라도 조정할 방법은 있어요. 오늘은 숫자를 현실에 맞게 다시 그려보세요.,이번 주 남은 소비 예산을 대략이라도 계산해보세요.,73,TRUE
MONEY_19,MONEY,작은 금액의 방향 전환. 무심코 흘려보낼 돈에 목적을 붙이면 의미가 달라집니다. 금전운은 사소한 결심에서 시작될지도 몰라요.,다음에 절약하게 되는 소액을 어디에 쓸지 한 가지 정해보세요.,80,TRUE
MONEY_20,MONEY,선물 같은 현명한 소비. 무조건 아끼는 것만이 능사는 아니에요. 오래 만족할 선택에는 기꺼이 의미를 부여해도 좋아요.,이번 달 지출 중 가장 값어치 있었다고 느낀 항목을 골라보세요.,87,TRUE
MONEY_21,MONEY,통장에 켜지는 신호등. 잔액을 확인하는 짧은 순간이 오늘의 소비 속도를 조절해줄 수 있어요. 감각이 제자리를 찾겠네요.,주로 쓰는 계좌 잔액을 확인하고 오늘 쓸 금액의 상한을 정하세요.,94,TRUE
MONEY_22,MONEY,급한 제안에는 잠깐의 거리. 지금 당장 결정해야 한다는 말이 들린다면 한 번 더 생각해봐도 좋아요. 여유는 좋은 안전장치입니다.,오늘 받은 구매 권유가 있다면 조건을 적고 즉시 결제는 보류해보세요.,72,TRUE
MONEY_23,MONEY,돌아보면 보이는 낭비. 이번 달의 불필요한 지출이 떠올라도 자책할 필요는 없어요. 이미 좋은 힌트를 얻은 셈이니까요.,줄이고 싶은 소비 습관 하나를 한 문장으로 적어보세요.,79,TRUE
MONEY_24,MONEY,작은 목표에 이름 붙이기. 막연히 모을 때보다 무엇을 위해 모으는지 알 때 동력이 생겨요. 돈의 방향을 정해볼 순간입니다.,저축 목표 하나에 구체적인 이름을 붙여 메모해보세요.,86,TRUE
MONEY_25,MONEY,기한을 알면 달라지는 선택. 무료 체험이나 할인 혜택에는 끝나는 날이 있죠. 미리 살피면 불필요한 결제를 피할 수 있어요.,신청해둔 무료 체험이 있다면 종료일을 달력에 적어보세요.,93,TRUE
MONEY_26,MONEY,통장 정리의 작은 성취. 계좌마다 용도가 선명해지면 관리도 조금 쉬워져요. 복잡한 숫자 대신 흐름에 집중해보세요.,자주 쓰는 계좌 하나의 용도를 짧은 단어로 정리해보세요.,71,TRUE
MONEY_27,MONEY,서로 편한 돈 이야기. 함께 쓰는 비용은 명확한 기준이 있을 때 마음이 가벼워져요. 작은 합의가 관계의 여유도 만들어줍니다.,함께 낼 예정인 비용이 있다면 분담 방식을 미리 확인해보세요.,78,TRUE
MONEY_28,MONEY,조건 하나의 차이. 멤버십이나 적립 혜택이 언제나 이득인 건 아니죠. 내 사용 패턴에 맞는지 따져볼 감각이 좋아지는 날이에요.,이용 중인 유료 멤버십 하나의 월 혜택과 비용을 비교해보세요.,85,TRUE
MONEY_29,MONEY,절약의 흔적을 발견했어요. 지난번보다 현명해진 선택이 분명 하나쯤 있을 거예요. 스스로의 작은 변화를 인정해보세요.,최근 절약에 성공한 사례를 떠올리고 그 이유를 한 줄 남겨보세요.,92,TRUE
MONEY_30,MONEY,마무리가 풍요를 만듭니다. 오늘의 금전운은 거창한 횡재보다 차분한 정리에 가까워요. 지갑도 마음도 가뿐하게 닫아보세요.,잠들기 전 오늘 사용한 금액을 대략 세 항목으로 나눠보세요.,70,TRUE
LOVE_01,LOVE,말 한마디의 온기. 대단한 표현이 아니어도 괜찮아요. 진심이 담긴 인사가 누군가의 하루를 밝힐 수 있습니다.,생각나는 사람 한 명에게 부담 없는 안부를 보내보세요.,70,TRUE
LOVE_02,LOVE,답장 사이의 여백. 메시지가 늦어지는 이유는 여러 가지예요. 빈칸을 걱정으로 채우지 않으면 마음이 한결 가벼워지겠어요.,답장을 기다리는 동안 좋아하는 일에 10분 집중해보세요.,77,TRUE
LOVE_03,LOVE,작은 취향을 기억하는 사람. 상대가 좋아하는 것을 알아챌 때 친밀감이 자라곤 하죠. 세심한 관심이 빛나는 날입니다.,가까운 사람이 좋아한다고 했던 음식이나 노래를 하나 떠올려보세요.,84,TRUE
LOVE_04,LOVE,고마움은 타이밍을 타요. 평소엔 당연하게 여겼던 배려가 오늘따라 선명하게 느껴질 수 있어요. 마음이 따뜻해지는 순간이네요.,고마웠던 행동 하나를 구체적으로 짚어 상대에게 전해보세요.,91,TRUE
LOVE_05,LOVE,대화의 공이 오가는 날. 좋은 관계는 서로 말할 자리를 내어줄 때 생동감이 살아나요. 오늘은 질문 하나가 분위기를 바꿀 수 있어요.,대화 중 상대의 최근 관심사를 묻는 질문을 하나 건네보세요.,98,TRUE
LOVE_06,LOVE,잠깐의 오해를 지나. 말투 하나가 마음에 걸리더라도 결론을 서두르지 마세요. 조심스럽게 확인하면 생각보다 간단할지 몰라요.,마음에 걸린 말이 있다면 추측 대신 의미를 부드럽게 물어보세요.,76,TRUE
LOVE_07,LOVE,함께 있어 편안한 순간. 침묵을 채우느라 애쓰지 않아도 괜찮습니다. 자연스러운 시간이 관계의 좋은 징조가 되기도 해요.,누군가와 함께할 때 휴대폰을 잠시 내려놓고 그 시간을 느껴보세요.,83,TRUE
LOVE_08,LOVE,나를 돌보는 다정함. 사랑의 분위기는 자신을 대하는 태도에서도 시작돼요. 오늘은 내 마음을 조금 더 귀하게 대해주세요.,스스로에게 듣고 싶은 다정한 문장 한 줄을 써보세요.,90,TRUE
LOVE_09,LOVE,눈에 띄는 작은 매력. 평범하다고 여겼던 사람의 좋은 점이 새롭게 보일 수 있어요. 발견했다면 마음속에만 두지 마세요.,주변 사람에게 외모보다 태도나 행동에 관한 칭찬을 건네보세요.,97,TRUE
LOVE_10,LOVE,오래된 인연의 반짝임. 문득 떠오른 얼굴이 있다면 반가운 기억이 쌓여 있다는 뜻일지도 몰라요. 가벼운 안부에 좋은 기운이 있어요.,오래 연락하지 못한 편한 사이의 친구에게 근황을 물어보세요.,75,TRUE
LOVE_11,LOVE,이야기 하나가 더 깊어져요. 누군가를 알아가는 데 꼭 특별한 사건이 필요하진 않아요. 사소한 질문이 새로운 면을 보여줄 거예요.,가까운 사람에게 최근 가장 즐거웠던 일이 무엇인지 물어보세요.,82,TRUE
LOVE_12,LOVE,각자의 속도를 존중하는 날. 친해지는 속도는 사람마다 달라요. 서두르지 않는 태도가 오히려 편안한 신뢰를 만들어줍니다.,누군가에게 답이나 약속을 재촉하고 있다면 여유를 조금 주어보세요.,89,TRUE
LOVE_13,LOVE,선을 긋는 것도 애정이에요. 불편함을 참고 쌓아두면 좋은 마음도 지칠 수 있죠. 오늘은 내 기준을 부드럽고 분명하게 지켜보세요.,최근 불편했던 부탁이 있다면 다음엔 어떻게 답할지 한 문장 써보세요.,96,TRUE
LOVE_14,LOVE,웃음의 주파수가 맞는 순간. 가벼운 농담이나 작은 실수가 의외의 공감대를 만들 수 있어요. 너무 완벽하려 애쓰지 않아도 좋겠어요.,친한 사람과 함께 웃었던 짧은 에피소드를 하나 꺼내보세요.,74,TRUE
LOVE_15,LOVE,멀리 있어도 닿는 마음. 자주 만나지 못한다고 소중함까지 옅어지는 건 아니죠. 한 번의 작은 표현이 거리를 줄여줄 수 있어요.,멀리 있는 소중한 사람에게 사진 한 장과 짧은 근황을 전해보세요.,81,TRUE
LOVE_16,LOVE,목소리에 실린 진심. 문자로는 전해지지 않는 뉘앙스가 있어요. 오늘은 따뜻한 목소리가 오해를 풀거나 기쁨을 더할지도 몰라요.,편하게 통화할 수 있는 사람에게 짧은 통화를 제안해보세요.,88,TRUE
LOVE_17,LOVE,미안함도 따뜻하게 전해져요. 마음에 남은 작은 실수가 있다면 인정하는 용기가 관계를 부드럽게 만들 수 있어요.,사과할 일이 떠오른다면 변명 없는 한 문장을 정리해보세요.,95,TRUE
LOVE_18,LOVE,소소한 배려가 눈에 들어와요. 무심히 건넨 물건이나 기다려준 몇 분에 진심이 숨어 있을 수 있어요. 오늘은 그런 순간을 놓치지 마세요.,누군가의 작은 배려를 발견하면 미소나 감사 인사로 답해보세요.,73,TRUE
LOVE_19,LOVE,내 마음의 자리를 확인할 때. 다른 사람의 기대에 맞추다 보면 정작 내 감정을 지나칠 수 있어요. 오늘은 솔직한 마음이 길잡이입니다.,지금 관계에서 내가 바라는 것 한 가지를 조용히 적어보세요.,80,TRUE
LOVE_20,LOVE,서로 다른 취향의 매력. 취향이 같아서 좋을 때도 있지만 달라서 배울 때도 있죠. 새로운 이야기의 문이 열릴 수 있겠어요.,상대가 좋아하고 나는 잘 모르는 취미 하나를 질문해보세요.,87,TRUE
LOVE_21,LOVE,새로운 인연의 작은 입구. 거창한 만남을 계획하지 않아도 가벼운 친절이 시작이 될 수 있어요. 편안한 눈인사가 잘 어울리는 날입니다.,오늘 마주치는 사람에게 상황에 맞는 밝은 인사를 건네보세요.,94,TRUE
LOVE_22,LOVE,익숙함 속의 설렘. 늘 함께하는 사람에게도 아직 발견하지 못한 면이 있을지 몰라요. 오래된 관계에 새 질문을 더해보세요.,가까운 사람에게 요즘 새로 해보고 싶은 일이 있는지 물어보세요.,72,TRUE
LOVE_23,LOVE,다음 약속을 그리는 즐거움. 만남을 기다리는 마음만으로도 하루가 산뜻해질 수 있어요. 작은 계획이 설렘을 오래 남겨줍니다.,함께하고 싶은 활동 하나를 떠올리고 상대에게 제안해보세요.,79,TRUE
LOVE_24,LOVE,추억은 좋은 대화 소재. 예전에 함께 웃었던 장면을 꺼내면 예상치 못한 이야기가 이어질 수 있어요. 오늘은 기억이 다정한 연결고리예요.,함께 찍은 사진 한 장을 골라 그때의 즐거움을 나눠보세요.,86,TRUE
LOVE_25,LOVE,괜찮지 않다고 말해도 괜찮아요. 서로를 아끼는 관계라면 각자의 컨디션도 존중받아야 해요. 정직한 표현이 편안함을 가져옵니다.,힘든 일정이 있다면 무리한 약속 대신 가능한 시간을 솔직히 전하세요.,93,TRUE
LOVE_26,LOVE,눈을 맞추는 짧은 시간. 관심을 보이는 방법은 생각보다 단순해요. 시선을 맞추고 잘 듣는 것만으로 대화의 온도가 달라져요.,오늘 나누는 대화 한 번은 다른 일을 멈추고 끝까지 들어보세요.,71,TRUE
LOVE_27,LOVE,뜻밖의 다정함이 찾아올지도. 오늘은 좋은 말을 듣거나 내가 먼저 건넬 기회가 생길 것 같아요. 마음의 문을 조금 열어두세요.,주변 사람의 장점 한 가지를 발견하면 자연스럽게 표현해보세요.,78,TRUE
LOVE_28,LOVE,감정에 이름을 붙이면. 설렘인지 외로움인지 헷갈리던 마음이 조금 또렷해질 수 있어요. 답을 급히 내릴 필요는 없습니다.,오늘 느낀 감정을 세 단어로 표현해보세요.,85,TRUE
LOVE_29,LOVE,비교에서 벗어난 사랑. 다른 사람의 관계가 좋아 보여도 나의 이야기는 나만의 속도로 흘러가요. 내 하루의 좋은 장면을 찾아보세요.,SNS를 잠시 닫고 내 관계에서 고마운 순간 하나를 떠올려보세요.,92,TRUE
LOVE_30,LOVE,마음이 머무는 자리. 누군가와 나눈 짧은 대화가 오래 기억에 남을 수 있어요. 하루 끝에 따뜻했던 감정을 챙겨두세요.,오늘 마음이 편해진 순간을 한 문장으로 기록해보세요.,70,TRUE
WORK_01,WORK,첫 단추를 가볍게. 시작 전의 부담은 크게 느껴져도 막상 손을 대면 속도가 붙을 수 있어요. 작은 착수가 흐름을 바꿉니다.,오늘 가장 중요한 일의 첫 단계만 10분 동안 진행해보세요.,70,TRUE
WORK_02,WORK,큰 과제의 작은 조각. 복잡한 일정이 한꺼번에 보이면 집중하기 어렵죠. 오늘은 쪼개는 능력이 성과를 만들겠어요.,미뤄둔 과제를 완료 가능한 세 단계로 나눠 적어보세요.,77,TRUE
WORK_03,WORK,목적지가 선명해지는 날. 할 일이 많아도 무엇을 위해 하는지 알면 방향을 잡기 쉬워요. 한 줄의 목표가 시간을 아껴줄 거예요.,진행 중인 업무나 공부의 최종 목표를 한 문장으로 써보세요.,84,TRUE
WORK_04,WORK,어제의 메모가 오늘의 힌트. 이미 정리한 자료 속에 놓친 실마리가 숨어 있을 수 있어요. 처음부터 다시 시작하지 않아도 됩니다.,이전 수업 노트나 업무 메모를 3분만 다시 읽어보세요.,91,TRUE
WORK_05,WORK,우선순위가 말을 걸어요. 급한 일과 중요한 일은 늘 같지 않아요. 무엇부터 할지 정하는 순간 마음의 소음이 줄어들겠어요.,오늘 할 일 가운데 반드시 끝낼 것 하나에 별표를 해보세요.,98,TRUE
WORK_06,WORK,책상 위에 생기는 집중력. 복잡한 환경이 생각까지 어지럽힌다면 아주 작은 정리로 시작해보세요. 시야가 맑아질 수 있어요.,작업 공간에서 지금 쓰지 않는 물건 세 개만 치워보세요.,76,TRUE
WORK_07,WORK,모르는 부분을 정확히 찾기. 막막함은 질문으로 바꾸는 순간 다루기 쉬워져요. 오늘은 막힌 지점을 이름 붙여보세요.,이해되지 않는 내용 하나를 구체적인 질문으로 바꿔 적어보세요.,83,TRUE
WORK_08,WORK,도움을 청할 좋은 타이밍. 혼자 오래 붙잡던 문제에 새로운 시선이 필요할 수 있어요. 명확한 질문 하나면 충분합니다.,막힌 업무나 문제의 핵심을 두 문장으로 정리해 적절한 사람에게 물어보세요.,90,TRUE
WORK_09,WORK,생각을 밖으로 꺼낼 시간. 머릿속에서만 맴돌던 아이디어가 말이나 그림이 되면 또렷해집니다. 미완성이라도 시작할 가치가 있어요.,떠오른 아이디어를 한 장의 메모나 간단한 그림으로 표현해보세요.,97,TRUE
WORK_10,WORK,짧은 공유의 효과. 함께 일하는 사람은 진행 상황을 알 때 다음 걸음을 준비하기 쉬워요. 작은 소통이 협업을 매끄럽게 합니다.,함께하는 과제의 진행 상황을 한 문장으로 공유해보세요.,75,TRUE
WORK_11,WORK,해낸 일에도 표시를. 끝난 일보다 남은 일만 보이는 날이 있죠. 이미 이룬 진전을 확인하면 다음 단계가 조금 쉬워질 거예요.,오늘 완료한 일 하나에 체크 표시를 하고 성취를 인정해보세요.,82,TRUE
WORK_12,WORK,집중의 짧고 굵은 순간. 긴 시간을 확보하지 못해도 몰입은 가능해요. 오늘은 한 구간을 온전히 지켜보세요.,알림을 끄고 한 과목이나 업무에 20분간 집중해보세요.,89,TRUE
WORK_13,WORK,방해 요소의 정체. 집중이 자꾸 끊긴다면 의지가 부족해서가 아닐 수도 있어요. 환경을 바꾸면 일의 흐름이 달라집니다.,일하는 동안 가장 자주 확인하는 앱의 알림을 잠시 꺼보세요.,96,TRUE
WORK_14,WORK,피드백을 받을 준비. 조금 어색한 의견에서도 유용한 힌트를 건질 수 있어요. 고칠 부분 하나만 찾아도 충분한 진전입니다.,최근 받은 피드백 중 바로 적용 가능한 항목 하나를 골라보세요.,74,TRUE
WORK_15,WORK,새로운 지식이 연결되는 순간. 따로 배운 개념 두 개가 뜻밖에 이어질 수 있어요. 호기심을 따라가면 공부가 재미있어질지도 몰라요.,오늘 배운 개념을 이미 알고 있던 사례 하나와 연결해 설명해보세요.,81,TRUE
WORK_16,WORK,쉬는 시간에도 전략이 있어요. 너무 오래 버티면 간단한 문제도 어렵게 보일 수 있죠. 잠깐의 환기가 생각을 선명하게 해줍니다.,집중이 흐려질 때 자리에서 일어나 3분간 몸을 움직여보세요.,88,TRUE
WORK_17,WORK,질문의 해상도를 높여요. 대충 이해한 채 넘긴 부분이 나중에 시간을 잡아먹곤 해요. 오늘은 분명하게 확인할 용기가 생길 거예요.,지시나 과제 조건 중 애매한 부분 하나를 확인해보세요.,95,TRUE
WORK_18,WORK,엉뚱한 조합의 가능성. 익숙한 방법이 막힐 때 다른 분야의 아이디어가 해답이 될 수 있어요. 오늘은 조금 실험적이어도 좋습니다.,지금 하는 일에 다른 과목이나 업무의 방법을 하나 적용해보세요.,73,TRUE
WORK_19,WORK,혼자보다 빠른 연결. 각자 잘하는 부분을 알면 협업의 속도가 달라져요. 오늘은 동료의 강점이 돋보이는 장면을 만날지도 몰라요.,함께 일하는 사람의 강점 한 가지를 떠올려 적어보세요.,80,TRUE
WORK_20,WORK,끝내는 기술의 가치. 시작만큼 마무리도 실력입니다. 작은 정리 하나가 내일의 출발선을 앞당겨줄 수 있어요.,오늘 작업을 닫기 전에 내일 이어갈 첫 행동을 남겨두세요.,87,TRUE
WORK_21,WORK,머리가 맑을 때 할 일. 컨디션이 좋은 시간은 사람마다 달라요. 내 에너지의 흐름을 활용하면 같은 일도 수월해질 수 있어요.,가장 집중이 잘되는 시간대에 어려운 일 하나를 배치해보세요.,94,TRUE
WORK_22,WORK,익숙한 답을 다시 보기. 늘 그렇게 해왔다는 이유만으로 최선은 아닐 수 있어요. 질문 하나가 더 나은 방식을 불러옵니다.,반복해서 하는 일의 절차 중 줄일 수 있는 단계가 있는지 살펴보세요.,72,TRUE
WORK_23,WORK,안전한 한 번의 저장. 일이 잘 풀릴수록 기본적인 확인을 놓치기 쉬워요. 오늘은 사소한 대비가 마음을 놓이게 합니다.,중요한 파일 한 개가 안전하게 저장되었는지 확인해보세요.,79,TRUE
WORK_24,WORK,마지막 검토가 빛나는 날. 처음엔 보이지 않던 작은 오류가 차분한 눈에 잡힐 수 있어요. 완성도를 높일 기회가 남아 있습니다.,제출하거나 공유할 글에서 숫자와 오탈자를 한 번 점검해보세요.,86,TRUE
WORK_25,WORK,회의 전의 한 줄 준비. 생각을 미리 정리해두면 긴장되는 자리에서도 전달이 쉬워져요. 오늘은 간결함이 강점이 되겠어요.,수업 발표나 회의에서 꼭 전달할 핵심을 한 줄로 정리해보세요.,93,TRUE
WORK_26,WORK,찾기 쉬운 자료가 자산. 자료가 많아질수록 정리 방식의 힘이 커져요. 나중의 내가 고마워할 작은 손질을 해둘 때입니다.,자주 쓰는 폴더의 파일 하나를 내용이 드러나는 이름으로 바꿔보세요.,71,TRUE
WORK_27,WORK,약한 부분이 성장의 입구. 자신 없는 내용이 보인다면 이미 출발점을 찾은 셈이에요. 한 번에 다 알 필요는 없어요.,헷갈리는 개념 하나를 골라 예시와 함께 짧게 정리해보세요.,78,TRUE
WORK_28,WORK,작은 시도가 주는 데이터. 완벽한 계획이 없어도 빠르게 시험해볼 수 있는 일이 있어요. 결과를 보고 다음 방법을 정해보세요.,시간이 5분 이내로 드는 개선 아이디어 하나를 시험해보세요.,85,TRUE
WORK_29,WORK,일정표에도 완충재를. 예상보다 오래 걸리는 일은 누구에게나 생겨요. 여백이 있는 계획이 오히려 오래 갑니다.,오늘 일정 사이에 예비 시간 10분을 확보할 수 있는지 살펴보세요.,92,TRUE
WORK_30,WORK,퇴근과 마침표의 미학. 아직 할 일이 남았더라도 오늘의 끝은 분명히 정할 수 있어요. 회복된 집중력이 내일을 도울 거예요.,오늘 마칠 시각을 정하고 남은 일은 내일 목록에 옮겨보세요.,70,TRUE
LUCK_01,LUCK,평소와 한 발 다른 길. 늘 같은 풍경에도 낯선 즐거움이 숨어 있을 수 있어요. 가벼운 변화가 오늘의 행운 신호가 되겠네요.,안전한 범위에서 평소와 다른 길을 골라 잠깐 걸어보세요.,70,TRUE
LUCK_02,LUCK,작은 우연의 문이 열려요. 예상하지 못한 순간이 하루를 즐겁게 만들 수 있어요. 마음에 여백을 남겨두면 발견이 쉬워집니다.,오늘 우연히 마주친 반가운 장면 하나를 메모해두세요.,77,TRUE
LUCK_03,LUCK,하늘에서 찾는 좋은 기분. 멀리 떠나지 않아도 고개를 들면 다른 장면이 펼쳐져요. 오늘의 행운은 시야를 바꾸는 데 있을지 몰라요.,잠깐 창밖이나 하늘을 보고 눈에 띄는 색 하나를 찾아보세요.,84,TRUE
LUCK_04,LUCK,바람이 기분을 바꿀 때. 답답했던 생각이 잠깐의 바깥 공기로 흩어질 수 있어요. 작은 산책이 하루의 분위기를 바꿉니다.,날씨와 상황이 괜찮다면 밖에서 5분간 주변을 둘러보세요.,91,TRUE
LUCK_05,LUCK,오늘의 배경음악은 무엇일까. 우연히 들은 노래가 뜻밖의 활력을 줄지도 몰라요. 리듬을 따라 하루가 가벼워질 수 있겠어요.,평소 듣지 않던 노래 한 곡을 골라 끝까지 들어보세요.,98,TRUE
LUCK_06,LUCK,책장 사이에 숨은 문장. 지금 눈길이 닿는 문구가 오래 기억에 남을 수 있어요. 그 한 줄을 오늘의 작은 부적으로 삼아보세요.,가까운 책이나 잡지에서 임의의 한 쪽을 펼쳐 마음에 드는 문장을 찾으세요.,76,TRUE
LUCK_07,LUCK,눈에 들어오는 행운의 색. 유난히 끌리는 색이 있다면 그 색을 오늘의 테마로 정해도 좋겠어요. 기분 좋은 놀이가 시작됩니다.,오늘 가장 먼저 눈에 띈 색을 정하고 같은 색 물건 세 개를 찾아보세요.,83,TRUE
LUCK_08,LUCK,좋은 기운은 옮겨 붙어요. 친절은 거창한 일이 아니어도 주변 분위기를 환하게 합니다. 내가 건넨 미소가 돌아올지도 몰라요.,누군가를 마주치면 상황에 맞게 밝게 인사해보세요.,90,TRUE
LUCK_09,LUCK,평범한 메뉴의 반전. 늘 먹던 것에서 벗어난 작은 선택이 예상 밖의 만족을 줄 수 있어요. 오늘의 소소한 모험을 즐겨보세요.,식사나 간식에서 평소 고르지 않던 메뉴 하나를 살펴보세요.,97,TRUE
LUCK_10,LUCK,기묘하게 딱 맞는 순간. 우연히 시선이 닿은 장면이 묘한 재미를 남길 수 있어요. 억지로 의미를 찾지 않아도 충분히 즐겁겠어요.,오늘 본 재미있는 우연 하나를 사진이나 메모로 남겨보세요.,75,TRUE
LUCK_11,LUCK,발걸음이 가벼워지는 오후. 목적 없이 잠깐 움직이는 시간이 의외의 영감을 건넬 수 있어요. 바쁜 날에도 작은 틈은 존재합니다.,이동 중 잠시 여유가 난다면 주변 가게나 거리 풍경을 1분 관찰해보세요.,82,TRUE
LUCK_12,LUCK,카메라에 잡힌 좋은 징조. 눈에 익숙한 풍경도 프레임 안에서는 새롭게 보여요. 사소한 아름다움을 발견하는 감각이 깨어납니다.,오늘 보기 좋았던 장면 한 컷을 촬영해보세요.,89,TRUE
LUCK_13,LUCK,기다림도 모험의 일부. 버스나 엘리베이터를 기다리는 짧은 시간에 재미있는 발견이 있을 수 있어요. 서두르지 않는 눈이 필요하겠어요.,잠깐 기다리는 동안 화면 대신 주변에서 재미있는 간판을 찾아보세요.,96,TRUE
LUCK_14,LUCK,첫 느낌이 알려주는 방향. 두 선택이 모두 괜찮다면 마음이 끌리는 쪽에 작은 즐거움이 있을지도 몰라요. 가벼운 일부터 믿어보세요.,위험이나 비용 부담이 없는 선택 하나를 직감대로 골라보세요.,74,TRUE
LUCK_15,LUCK,웃음이 생기는 예감. 시시한 장난이나 우스운 장면 하나로 하루의 무게가 달라질 수 있어요. 즐거움을 찾는 눈이 행운이에요.,요즘 나를 웃게 한 장면 하나를 떠올려 다시 즐겨보세요.,81,TRUE
LUCK_16,LUCK,좋은 일이 앉을 자리. 어수선한 공간에서 작은 물건 하나를 바로잡으면 마음도 조금 시원해지죠. 오늘은 그 변화가 기분 좋겠어요.,자주 쓰는 자리 한 곳을 2분만 정돈해보세요.,88,TRUE
LUCK_17,LUCK,도시 속 작은 보물찾기. 늘 지나치던 곳에 눈길을 붙잡는 모양이 숨어 있을 수 있어요. 어린아이 같은 호기심을 꺼내보세요.,길이나 실내에서 하트 모양을 닮은 무늬 하나를 찾아보세요.,95,TRUE
LUCK_18,LUCK,초록빛이 반가운 하루. 작은 식물의 생김새가 이상하게 마음을 편하게 해줄 수 있어요. 행운은 조용하게 다가오기도 합니다.,주변의 나무나 화분을 하나 골라 잎 모양을 자세히 살펴보세요.,73,TRUE
LUCK_19,LUCK,창문 너머의 새로운 공기. 실내 분위기가 답답했다면 잠깐의 환기로 전환점을 만들어보세요. 사소한 움직임이 기분을 깨워줍니다.,가능하다면 창문을 잠시 열고 바깥의 소리 세 가지를 들어보세요.,80,TRUE
LUCK_20,LUCK,뜻밖의 고마움이 피어나요. 오늘은 특별한 사건보다 이미 곁에 있는 좋은 것이 선명하게 보일 수 있어요. 발견한 순간이 바로 행운이죠.,평소 당연하게 여겼던 좋은 일 한 가지를 적어보세요.,87,TRUE
LUCK_21,LUCK,동네의 낯선 표정. 익숙한 거리에도 아직 들어가 보지 않은 장소가 있을 거예요. 구경만으로도 작은 여행 같은 시간이 됩니다.,동네에서 눈여겨보지 않았던 가게의 진열이나 간판을 살펴보세요.,94,TRUE
LUCK_22,LUCK,순서를 바꾸면 재미가 생겨요. 매일의 루틴이 조금 지루했다면 순서를 살짝 뒤집어보세요. 별일 없어도 하루의 색이 달라지겠어요.,평소 하던 간단한 일 두 가지의 순서를 바꿔보세요.,72,TRUE
LUCK_23,LUCK,두뇌에 찾아온 반짝임. 까다롭게 느껴지던 작은 수수께끼가 갑자기 풀릴 수 있어요. 답을 찾는 재미에 집중해보세요.,가벼운 퀴즈나 퍼즐 문제 하나에 도전해보세요.,79,TRUE
LUCK_24,LUCK,향기가 데려오는 기억. 길을 걷다 맡은 향이나 차 한 잔의 냄새가 반가운 장면을 불러올 수 있어요. 감각을 깨워둘 만한 날입니다.,좋아하는 차나 음식의 향을 잠깐 음미해보세요.,86,TRUE
LUCK_25,LUCK,행운을 나누면 커지는 기분. 좋은 소식을 혼자 간직하는 것도 좋지만 전하면 즐거움이 더 선명해지기도 해요. 반가움을 나눠보세요.,오늘 발견한 재미있는 소식 하나를 가까운 사람에게 전해보세요.,93,TRUE
LUCK_26,LUCK,오늘의 숫자 놀이. 눈에 자주 들어오는 숫자가 있다면 별뜻 없이도 재미있게 관찰해보세요. 작은 규칙 찾기가 하루를 산뜻하게 합니다.,하루 동안 우연히 두 번 본 숫자가 있는지 살펴보세요.,71,TRUE
LUCK_27,LUCK,숨은 길 하나가 보여요. 같은 목적지라도 시선을 달리하면 지나쳤던 풍경이 보입니다. 오늘은 탐험가 같은 마음이 어울려요.,자주 가는 장소에서 못 보던 안내문이나 표지 하나를 찾아보세요.,78,TRUE
LUCK_28,LUCK,타이밍이 딱 맞는 기분. 마음먹은 순간 작은 일이 순조롭게 흘러가면 괜히 기분이 좋죠. 그런 순간을 놓치지 않아도 좋아요.,오늘 유난히 순조로웠던 순간이 있다면 한 줄로 남겨보세요.,85,TRUE
LUCK_29,LUCK,하루의 숨은 하이라이트. 지나고 보면 가장 좋았던 건 계획에 없던 순간일 때도 있어요. 즐거움을 발견하는 눈을 믿어보세요.,저녁에 오늘 가장 기분 좋았던 장면 하나를 골라보세요.,92,TRUE
LUCK_30,LUCK,내일로 이어지는 좋은 여운. 특별한 일이 없었다고 운이 없는 건 아니에요. 오늘의 조그만 즐거움도 충분히 값진 행운입니다.,잠들기 전 내일 기대되는 일 하나를 떠올려보세요.,70,TRUE
